1,Productor Marco
2,Productora Ana
3,Productor Luis
4,Productor Carlos
5,Productor Josue
6,Productor Ernesto
7,Productor Allan
8,Productor Felipe
9,Productora Sofia
10,Productora Daniela
11,Productor Matias
12,Productora Laura
13,Productor José
14,Productor Tito
15,Productora Mariela
16,Productor Beto
17,Productora Karina
18,Productor Andres
19,Productor Fabian
20,Productor Gabriel
21,Productora Irene
22,Productora Fabiola
23,Productor Ricardo
24,Productora Tania
25,Productor Henry
26,Productor Adrián
27,Productor Cristian
28,Productora Natalia
29,Productor Esteban
30,Productora Silvia
