Daniela,Soto,dsoto,123,[]
Edgar,Ramírez,eramirez,123,[]
Lucía,Mora,lmora,123,[]
Andrés,Vargas,avargas,123,[]
Sofía,Aguilar,saguilar,123,[]
Mario,Solís,msolis,123,[]
Paula,Camacho,pcamacho,123,[]
Erick,Gómez,egomez,123,[]
Jimena,Leiva,jleiva,123,[]
Carlos,Rojas,crojas,123,[]
Fabiola,Méndez,fmendez,123,[]
Luis,Araya,laraya,123,[]
Valeria,Esquivel,vesquivel,123,[]
Jorge,Navarro,jnavarro,123,[]
Karina,Obando,kobando,123,[]
Samuel,Bolaños,sbolanos,123,[]
Isabella,Castro,icastro,123,[]
Diego,Fernández,dfernandez,123,[]
Nicole,Badilla,nbadilla,123,[]
Alejandro,Céspedes,acespedes,123,[]
Patricia,Blanco,pblanco,123,[]
Rodrigo,Cubero,rcubero,123,[]
Gabriela,Jiménez,gjimenez,123,[]
Tomás,Chaves,tchaves,123,[]
Rebeca,Fallas,rfallas,123,[]
David,Herrera,dherrera,123,[]
Camila,Solano,csolano,123,[]
Sebastián,Villalobos,svillalobos,123,[]
Mariana,Carrillo,mcarrillo,123,[]
Esteban,Loaiza,eloaiza,123,[]
Silvia,Torres,storres,123,[]
Rafael,Valverde,rvalverde,123,[]
Laura,Rivera,lrivera,123,[]
Cristian,Rodríguez,crodriguez,123,[]
Katherine,Monge,kmonge,123,[]
Pablo,Cordero,pcordero,123,[]
Natalia,Salas,nsalas,123,[]
Fernando,Campos,fcampos,123,[]
Elena,Ramírez,eramirez2,123,[]
Victor,Sequeira,vsequeira,123,[]
Yuliana,Vargas,yvargas,123,[]
Mauricio,Fonseca,mfonseca,123,[]
Michelle,García,mgarcia,123,[]
Oscar,Solís,osolis,123,[]
Daniela,Chacón,dchacon,123,[]
Alonso,Rodríguez,arodriguez,123,[]
Gabriel,Moya,gmoya,123,[]
Adriana,Porras,aporras,123,[]
Héctor,Sandí,hsandi,123,[]
Edwin,Zeledon,ezeledon,123,[]
